,"('Gabor', 'mean0')","('Gabor', 'var0')","('Gabor', 'mean1')","('Gabor', 'var1')","('Gabor', 'mean2')","('Gabor', 'var2')","('Gabor', 'mean3')","('Gabor', 'var3')","('Gabor', 'mean4')","('Gabor', 'var4')","('Gabor', 'mean5')","('Gabor', 'var5')","('Gabor', 'mean6')","('Gabor', 'var6')","('Gabor', 'mean7')","('Gabor', 'var7')","('GLCM', 'diss0')","('GLCM', 'corr0')","('GLCM', 'diss1')","('GLCM', 'corr1')","('GLCM', 'diss2')","('GLCM', 'corr2')","('GLCM', 'diss3')","('GLCM', 'corr3')","('GLCM', 'diss4')","('GLCM', 'corr4')","('GLCM', 'diss5')","('GLCM', 'corr5')","('GLCM', 'diss6')","('GLCM', 'corr6')","('GLCM', 'diss7')","('GLCM', 'corr7')","('GLCM', 'diss8')","('GLCM', 'corr8')","('GLCM', 'diss9')","('GLCM', 'corr9')","('GLCM', 'diss10')","('GLCM', 'corr10')","('GLCM', 'diss11')","('GLCM', 'corr11')","('Green', 'avr')","('Green', 'cover')","('Green', 'filtered')","('Hue', 'avr')","('Hue', 'cover')","('Hue', 'filtered')",File Name,Subjective Color Rating,Subjective Quality Rating
0,0.5044947123155977,0.007992164665824222,0.1542267577209698,0.0014634457425848268,0.3403158893703027,0.0015485146056986145,0.0005076250846785804,7.929594581801311e-05,0.5044947123155981,0.008007073675323932,0.15422675772096966,0.001542573740228497,0.3403158893703029,0.0016053809869294585,0.0005076250846785808,9.43910922413992e-05,0.0,1.0,0.0,1.0,0.0,1.0,0.0,1.0,0.0,1.0,0.0,1.0,0.0,1.0,0.0,1.0,0.0,1.0,0.0,1.0,0.0,1.0,0.0,1.0,145.55279430581297,0.43721361234314304,174.55169136299867,0.23788404046157852,0.9896405558775095,0.2374995930061316,7-4-2014 plot 1.jpg,7.5,7.5
1,0.49109600612097926,0.008848192666970523,0.15013070088705918,0.0016057845069765773,0.3312775535786281,0.0016394253862251572,0.0004941432399722038,8.50682199635188e-05,0.4910960061209787,0.00888342998523241,0.15013070088705915,0.0017992148567278403,0.33127755357862765,0.0017453023209776494,0.0004941432399722044,0.00012221381692814373,0.0,1.0,0.0,1.0,0.0,1.0,0.0,1.0,0.0,1.0,0.0,1.0,0.0,1.0,0.0,1.0,0.0,1.0,0.0,1.0,0.0,1.0,0.0,1.0,141.79645805558405,0.3966675782540822,175.5310162835758,0.23947748682950445,0.9825274330837863,0.23875293569349157,7-4-2014 plot 2.jpg,7.25,7.25
2,0.5115191101314843,0.008129569787314082,0.15637415406356764,0.0015332250330451571,0.3450543219676083,0.0015844466291772684,0.0005146930686416615,9.158287396540111e-05,0.5115191101314852,0.00813898223583458,0.15637415406356764,0.0015704445196663272,0.34505432196760827,0.0016393679510759498,0.0005146930686416614,9.651351950854652e-05,0.0,1.0,0.0,1.0,0.0,1.0,0.0,1.0,0.0,1.0,0.0,1.0,0.0,1.0,0.0,1.0,0.0,1.0,0.0,1.0,0.0,1.0,0.0,1.0,147.08377263638198,0.464225427057049,175.17751883055467,0.2321001423288059,0.9946793842478068,0.2319423416587942,7-4-2014 plot 3.jpg,7.25,7.25
3,0.4938607060306486,0.00820056386242083,0.15097588457824734,0.001445177917913182,0.33314253112077574,0.001610405857417054,0.0004969250947498594,7.297349502159984e-05,0.4938607060306491,0.008226454821139964,0.1509758845782476,0.001583109582904943,0.33314253112077563,0.0016973253328624305,0.00049692509474986,9.806368410175505e-05,0.0,1.0,0.0,1.0,0.0,1.0,0.0,1.0,0.0,1.0,0.0,1.0,0.0,1.0,0.0,1.0,0.0,1.0,0.0,1.0,0.0,1.0,0.0,1.0,142.81640244551207,0.39967475016982723,174.1668237311057,0.23785574067809495,0.9893458173395644,0.23742306975353225,7-4-2014 plot 4.jpg,7.25,7.25
4,0.5052569985109855,0.007823219131414962,0.15445979272708568,0.0013442484153819167,0.3408301030938667,0.0016253586802758803,0.0005083921008336294,6.497131203357778e-05,0.5052569985109862,0.007851350792923307,0.15445979272708577,0.00149237817693,0.34083010309386674,0.001722597226382396,0.0005083921008336302,9.17764686706053e-05,0.0,1.0,0.0,1.0,0.0,1.0,0.0,1.0,0.0,1.0,0.0,1.0,0.0,1.0,0.0,1.0,0.0,1.0,0.0,1.0,0.0,1.0,0.0,1.0,145.8899510070584,0.4450002994059954,173.5836482645741,0.24114749995428464,0.983685999859996,0.24049144139564707,7-4-2014 plot 5.jpg,7.25,7.25
5,0.49558366773196805,0.008118931025017486,0.1515026032739743,0.0013857686114303245,0.3343047856091218,0.0017177261424093197,0.0004986587473693614,6.698343233518766e-05,0.4955836677319691,0.008144808564137206,0.15150260327397413,0.00151596213024474,0.33430478560912164,0.0018181702149705613,0.0004986587473693609,8.891985085522012e-05,0.0,1.0,0.0,1.0,0.0,1.0,0.0,1.0,0.0,1.0,0.0,1.0,0.0,1.0,0.0,1.0,0.0,1.0,0.0,1.0,0.0,1.0,0.0,1.0,143.12004296990332,0.4021020215242341,173.7263269561285,0.23671232062172098,0.9880548167221478,0.23620721172235465,7-4-2014 plot 6.jpg,7.25,7.25
6,0.5019478102363226,0.007979691691153422,0.153448156002596,0.0014899234328165794,0.3385978312319547,0.0015434292017754115,0.0005050623791593775,8.629870350211115e-05,0.5019478102363235,0.007995490526546214,0.1534481560025961,0.001566156334169196,0.3385978312319546,0.0016175499193233562,0.000505062379159378,9.977006552589901e-05,0.0,1.0,0.0,1.0,0.0,1.0,0.0,1.0,0.0,1.0,0.0,1.0,0.0,1.0,0.0,1.0,0.0,1.0,0.0,1.0,0.0,1.0,0.0,1.0,145.07121039553118,0.43351080077781445,174.6594563184651,0.24068298001185562,0.9800303025006698,0.23985237531542333,7-4-2014 plot 7.jpg,7.25,7.25
7,0.49894789181357607,0.008022880138950328,0.1525310647418296,0.0015064592726567402,0.33657418285437474,0.0014409181061061102,0.0005020438463458519,8.390561368639106e-05,0.4989478918135771,0.008049383715623134,0.1525310647418294,0.0016415827880043392,0.3365741828543744,0.0015394434266042774,0.0005020438463458517,0.00010715656375099864,0.0,1.0,0.0,1.0,0.0,1.0,0.0,1.0,0.0,1.0,0.0,1.0,0.0,1.0,0.0,1.0,0.0,1.0,0.0,1.0,0.0,1.0,0.0,1.0,144.56931752941898,0.4208527542837405,175.31109263196282,0.23702026193150408,0.9934498354236786,0.23677799498999047,7-4-2014 plot 8.jpg,7.25,7.25
8,0.5001044940438647,0.007233657745457642,0.15288464428903875,0.0013142982763171749,0.3373543894790212,0.001426875899491192,0.0005032076252532532,7.088922396590991e-05,0.5001044940438646,0.007248068067150608,0.15288464428903872,0.0013890006938134234,0.3373543894790208,0.0014932116450723332,0.000503207625253254,7.903929245627884e-05,0.0,1.0,0.0,1.0,0.0,1.0,0.0,1.0,0.0,1.0,0.0,1.0,0.0,1.0,0.0,1.0,0.0,1.0,0.0,1.0,0.0,1.0,0.0,1.0,145.44517706398983,0.4389359510929039,172.82139115299256,0.24190874344061042,0.9851487192501198,0.2413713024039732,7-4-2014 plot 9.jpg,7.5,7.5
9,0.4954455405417192,0.008194049781559137,0.151460377046057,0.0015835690865010636,0.3342116094539539,0.001424617137243972,0.0004985197631046393,9.481590650419391e-05,0.4954455405417196,0.00821594932929798,0.15146037704605703,0.001682932557051163,0.33421160945395406,0.001524501550602034,0.0004985197631046396,0.00010955638576372202,0.0,1.0,0.0,1.0,0.0,1.0,0.0,1.0,0.0,1.0,0.0,1.0,0.0,1.0,0.0,1.0,0.0,1.0,0.0,1.0,0.0,1.0,0.0,1.0,143.79102030869262,0.41571633206601594,175.3310791255362,0.240001505077999,0.985384107059931,0.23938469705008658,7-4-2014 plot 10.jpg,7.5,7.5
10,0.4955178516019489,0.007504451450407252,0.15148248292763405,0.0013766869506844997,0.33426038816693704,0.0014771125629010628,0.0004985925228525148,7.434927923078947e-05,0.4955178516019493,0.007524553975124521,0.151482482927634,0.0014749023402297042,0.334260388166937,0.0015471110717607654,0.000498592522852515,9.138459157088313e-05,0.0,1.0,0.0,1.0,0.0,1.0,0.0,1.0,0.0,1.0,0.0,1.0,0.0,1.0,0.0,1.0,0.0,1.0,0.0,1.0,0.0,1.0,0.0,1.0,143.50420793303886,0.41572225321643114,172.97562253839962,0.23849892446959467,0.9912270465134927,0.23824103722946466,7-4-2014 plot 11.jpg,7.25,7.25
11,0.4879590294740969,0.008560699671146432,0.14917171018708866,0.0016091273341214951,0.3291614501360013,0.001647540050990236,0.0004909867984929677,9.431757432776911e-05,0.4879590294740969,0.008577343945691441,0.14917171018708872,0.0016826926709637008,0.32916145013600095,0.001729513988786976,0.0004909867984929684,0.00010625576802724631,0.0,1.0,0.0,1.0,0.0,1.0,0.0,1.0,0.0,1.0,0.0,1.0,0.0,1.0,0.0,1.0,0.0,1.0,0.0,1.0,0.0,1.0,0.0,1.0,140.64867355617247,0.37121908949403853,175.20896146933032,0.23171470546537606,0.9941154099202465,0.23151272577171164,7-4-2014 plot 12.jpg,7.25,7.25
12,0.49769031548075104,0.0077167487937087826,0.1521466168662351,0.0012495241710221159,0.3357258623512862,0.001519324201520634,0.0005007784667950708,5.023647889615986e-05,0.4976903154807508,0.00776835566505463,0.15214661686623507,0.0015397639459992,0.33572586235128643,0.0016651490156460742,0.0005007784667950706,0.00010257351253913084,0.0,1.0,0.0,1.0,0.0,1.0,0.0,1.0,0.0,1.0,0.0,1.0,0.0,1.0,0.0,1.0,0.0,1.0,0.0,1.0,0.0,1.0,0.0,1.0,145.000668055136,0.4375853352199558,172.72888690756469,0.2440174013288208,0.9706019173595765,0.24301029261850882,7-17-2014 plot 1.jpg,7.0,7.25
13,0.48953348466971003,0.00867089648055209,0.14965302964211666,0.0014925202531534433,0.3302235269171617,0.0015106507855513576,0.0004925710231289947,6.763705499184489e-05,0.4895334846697102,0.008733611060837795,0.149653029642117,0.0018391116535898787,0.330223526917162,0.0016931147129404921,0.0004925710231289951,0.0001296627799041861,0.0,1.0,0.0,1.0,0.0,1.0,0.0,1.0,0.0,1.0,0.0,1.0,0.0,1.0,0.0,1.0,0.0,1.0,0.0,1.0,0.0,1.0,0.0,1.0,141.16006125141703,0.3947912617282131,174.44350963277037,0.22801997399107263,0.9922311708929299,0.22787079342392022,7-17-2014 plot 2.jpg,6.5,7.0
14,0.4836679339085747,0.006750411365599387,0.1478598991016887,0.0011512769296436393,0.3262668152308096,0.0013208569287098217,0.0004866690768268405,5.479796572565041e-05,0.483667933908575,0.006779591727880691,0.14785989910168865,0.0013013138419699427,0.32626681523080947,0.0014284864930651884,0.0004866690768268407,7.77124963562748e-05,0.0,1.0,0.0,1.0,0.0,1.0,0.0,1.0,0.0,1.0,0.0,1.0,0.0,1.0,0.0,1.0,0.0,1.0,0.0,1.0,0.0,1.0,0.0,1.0,139.241300642575,0.3510312772805403,169.81583707084488,0.22735345149276143,0.9902974246923687,0.22700218709398956,7-17-2014 plot 3.jpg,7.0,7.25
15,0.49003992102128907,0.008620053630611059,0.14980784996944518,0.001458838001403404,0.3305651525738631,0.0015367214693126658,0.0004930806019007416,6.560638013593901e-05,0.4900399210212893,0.008683833726585924,0.14980784996944504,0.0018115978986193641,0.33056515257386326,0.0017306802068541047,0.0004930806019007426,0.00012835666697356987,0.0,1.0,0.0,1.0,0.0,1.0,0.0,1.0,0.0,1.0,0.0,1.0,0.0,1.0,0.0,1.0,0.0,1.0,0.0,1.0,0.0,1.0,0.0,1.0,142.59431491029167,0.4144825514161381,174.24665646449347,0.23710702744624482,0.9758165343189557,0.2359546930979539,7-17-2014 plot 4.jpg,7.0,7.25
16,0.5035198653880327,0.007418017088722016,0.15392874175124321,0.0012577316269963776,0.3396582890207738,0.0013967976245979046,0.0005066441888593106,5.694125685866191e-05,0.5035198653880334,0.007464788716213318,0.1539287417512429,0.001513421287145428,0.3396582890207734,0.001540996286826684,0.0005066441888593114,0.00010157753253843732,0.0,1.0,0.0,1.0,0.0,1.0,0.0,1.0,0.0,1.0,0.0,1.0,0.0,1.0,0.0,1.0,0.0,1.0,0.0,1.0,0.0,1.0,0.0,1.0,144.28148633546365,0.4276492452518888,172.487960149969,0.22279506948851852,0.9922201330498424,0.22251407493735526,7-17-2014 plot 5.jpg,6.75,7.0
17,0.48391752038903746,0.007871057973710531,0.14793619903648067,0.0012513213579841184,0.32643517823442386,0.0016003074485294898,0.00048692021198284085,4.982776121913145e-05,0.4839175203890365,0.00792603776736671,0.14793619903648067,0.001550138429702109,0.3264351782344241,0.0017680815095366387,0.00048692021198284106,0.00010170037932879763,0.0,1.0,0.0,1.0,0.0,1.0,0.0,1.0,0.0,1.0,0.0,1.0,0.0,1.0,0.0,1.0,0.0,1.0,0.0,1.0,0.0,1.0,0.0,1.0,138.95211264681055,0.35484368260384375,171.57690640152995,0.22437458505160215,0.9899926097238919,0.22388122280717732,7-17-2014 plot 6.jpg,6.5,7.5
18,0.47836251520279305,0.008028224443391841,0.14623800395517786,0.0014140509781852403,0.3226879505940467,0.0013831292449938836,0.0004813307381802042,6.936218661364098e-05,0.47836251520279244,0.008084139585009252,0.1462380039551778,0.00172360451397451,0.3226879505940466,0.001549959949513228,0.00048133073818020406,0.0001240810465169873,0.0,1.0,0.0,1.0,0.0,1.0,0.0,1.0,0.0,1.0,0.0,1.0,0.0,1.0,0.0,1.0,0.0,1.0,0.0,1.0,0.0,1.0,0.0,1.0,138.28799001161033,0.36274890751988054,172.7620547231354,0.2289927792890645,0.9903704222311682,0.22886025328585705,7-17-2014 plot 7.jpg,7.25,7.0
19,0.4956665571565094,0.008141535161766154,0.15152794301864214,0.0013747276190851532,0.3343607001460698,0.0014677566118133124,0.0004987421511199341,6.178637383335553e-05,0.4956665571565087,0.008205681676445394,0.15152794301864206,0.0017326803278955392,0.3343607001460702,0.0016483375377676739,0.0004987421511199348,0.0001267646175563971,0.0,1.0,0.0,1.0,0.0,1.0,0.0,1.0,0.0,1.0,0.0,1.0,0.0,1.0,0.0,1.0,0.0,1.0,0.0,1.0,0.0,1.0,0.0,1.0,144.06039284970262,0.4306071034642025,173.97684069275402,0.23746268935878873,0.9781825170093295,0.23648502743478614,7-17-2014 plot 8.jpg,6.75,7.25
20,0.49798015241090343,0.007149237059325886,0.1522352215808417,0.0011580686073188004,0.3359213770122918,0.0013683102582666621,0.0005010701021534208,4.5411493534072086e-05,0.49798015241090327,0.007198818223761654,0.15223522158084174,0.00143589273046818,0.335921377012292,0.001514014922480334,0.0005010701021534217,9.539128362130316e-05,0.0,1.0,0.0,1.0,0.0,1.0,0.0,1.0,0.0,1.0,0.0,1.0,0.0,1.0,0.0,1.0,0.0,1.0,0.0,1.0,0.0,1.0,0.0,1.0,145.32566523912374,0.44810246381810565,171.36411537974902,0.24001884168542353,0.9764743648827606,0.23910625079130005,7-17-2014 plot 9.jpg,6.75,7.25
21,0.4863331217667643,0.0076908077979081675,0.1486746614213949,0.0013116982350707333,0.3280646651470859,0.0013772289053971276,0.0004893508020841534,5.9911065604394485e-05,0.4863331217667636,0.007744889822852175,0.14867466142139496,0.0016032927215741148,0.32806466514708577,0.001545250052867129,0.0004893508020841533,0.00011010578012284895,0.0,1.0,0.0,1.0,0.0,1.0,0.0,1.0,0.0,1.0,0.0,1.0,0.0,1.0,0.0,1.0,0.0,1.0,0.0,1.0,0.0,1.0,0.0,1.0,141.99090566416137,0.3950650769046759,172.74023548893655,0.2411814801359781,0.9815384378401693,0.24051918200388467,7-17-2014 plot 10.jpg,7.0,6.5
22,0.49654968679554917,0.007986329612126938,0.15179792051801203,0.0013851167350092122,0.3349564309658433,0.0014253655469695667,0.0004996307605480521,6.54651048376617e-05,0.49654968679554906,0.008040053362146719,0.15179792051801203,0.0016814709995790543,0.33495643096584304,0.0015784454381743169,0.0004996307605480531,0.00011735286778760361,0.0,1.0,0.0,1.0,0.0,1.0,0.0,1.0,0.0,1.0,0.0,1.0,0.0,1.0,0.0,1.0,0.0,1.0,0.0,1.0,0.0,1.0,0.0,1.0,142.8178319038622,0.41296852377093024,173.39030932864603,0.22499954603408917,0.9955254604338112,0.22500445445357872,7-17-2014 plot 11.jpg,6.5,6.75
23,0.48861463435568847,0.008387139724019343,0.14937213213952025,0.0014274485902554376,0.32960370008016787,0.0015383753035918125,0.000491646471380333,6.481829896876827e-05,0.4886146343556875,0.00844693302213042,0.14937213213952058,0.0017550763221717478,0.32960370008016787,0.0017199334128421687,0.0004916464713803322,0.00012365482769295254,0.0,1.0,0.0,1.0,0.0,1.0,0.0,1.0,0.0,1.0,0.0,1.0,0.0,1.0,0.0,1.0,0.0,1.0,0.0,1.0,0.0,1.0,0.0,1.0,139.4986567128248,0.3655892126833322,173.5727746344934,0.21410200986027245,0.9968472692017532,0.21428221885234153,7-17-2014 plot 12.jpg,6.5,6.75
24,0.6096125280416117,0.011195216349860267,0.18636184160266478,0.0019837594402866985,0.4112249833095925,0.002120545477390363,0.0006133951528408886,9.211075575720631e-05,0.6096125280416115,0.01120121445229738,0.18636184160266503,0.001995407606720072,0.41122498330959284,0.002155545330908345,0.0006133951528408897,9.038477207602629e-05,0.0,1.0,0.0,1.0,0.0,1.0,0.0,1.0,0.0,1.0,0.0,1.0,0.0,1.0,0.0,1.0,0.0,1.0,0.0,1.0,0.0,1.0,0.0,1.0,175.25335480901978,0.7769494836954328,190.74769368830516,0.28241801970380853,0.35428100854990674,0.26701864874530834,7-31-2014 plot 1.jpg,7.5,7.5
25,0.5567614926358565,0.012900606831728272,0.17020499469457137,0.0022703020011091606,0.3755733765054381,0.002205238573210663,0.0005602161785756165,0.00010269508559497445,0.556761492635857,0.01295477156781544,0.17020499469457157,0.002539875758240096,0.37557337650543865,0.0023047916366093412,0.0005602161785756179,0.0001450433108383942,0.0,1.0,0.0,1.0,0.0,1.0,0.0,1.0,0.0,1.0,0.0,1.0,0.0,1.0,0.0,1.0,0.0,1.0,0.0,1.0,0.0,1.0,0.0,1.0,160.51990195907234,0.6368537880865585,185.2759746473936,0.2476726873760845,0.9879486081194487,0.24735768609622094,7-31-2014 plot 2.jpg,6.5,7.0
26,0.5879521901917648,0.010313155090212111,0.17974015936066556,0.0018749621041498827,0.3966136168086478,0.0018483230732211564,0.0005916004133386105,9.221018445222002e-05,0.5879521901917641,0.010326971186291955,0.17974015936066537,0.0019354630535714699,0.3966136168086483,0.0018789138106428704,0.0005916004133386109,0.00010210518321832346,0.0,1.0,0.0,1.0,0.0,1.0,0.0,1.0,0.0,1.0,0.0,1.0,0.0,1.0,0.0,1.0,0.0,1.0,0.0,1.0,0.0,1.0,0.0,1.0,167.59139614192526,0.7237930162334152,185.21452510563816,0.2611027334734394,0.8982301497201757,0.2587088948111469,7-31-2014 plot 3.jpg,7.0,7.25
27,0.5914247780953418,0.010031222125430646,0.18080174823403866,0.00176277040585472,0.39895611279913773,0.0019051528075129261,0.0005950945485308632,8.24578825837789e-05,0.5914247780953412,0.010038216520121978,0.18080174823403855,0.0017730647444617396,0.3989561127991378,0.0019434635687115027,0.0005950945485308629,7.844361091119297e-05,0.0,1.0,0.0,1.0,0.0,1.0,0.0,1.0,0.0,1.0,0.0,1.0,0.0,1.0,0.0,1.0,0.0,1.0,0.0,1.0,0.0,1.0,0.0,1.0,169.54877743454884,0.734366840864675,185.82725800280235,0.2655788228868185,0.8065997656800722,0.26084936867363256,7-31-2014 plot 4.jpg,7.0,7.25
28,0.566943374630328,0.009984503038565785,0.1733176510003176,0.0017909472175268526,0.38244174626596067,0.0018673077958725624,0.0005704612387981659,8.559853979819815e-05,0.5669433746303278,0.009980696994924656,0.1733176510003176,0.0017469709514719048,0.38244174626596067,0.0018840084804847275,0.0005704612387981669,7.341609631819852e-05,0.0,1.0,0.0,1.0,0.0,1.0,0.0,1.0,0.0,1.0,0.0,1.0,0.0,1.0,0.0,1.0,0.0,1.0,0.0,1.0,0.0,1.0,0.0,1.0,162.32507612632918,0.6791979738559972,181.39692308573763,0.2526891209824339,0.9185937950961348,0.25002690325093324,7-31-2014 plot 5.jpg,6.75,7.0
29,0.5564407473544059,0.013867292480357995,0.1701069411300741,0.0022856780764747907,0.37535701206582406,0.0031042133677522538,0.0005598934430807106,0.00010024737725030428,0.5564407473544043,0.013903168504516752,0.17010694113007432,0.0024710177235107485,0.37535701206582395,0.003150706161018206,0.0005598934430807111,0.00013455722761500735,0.0,1.0,0.0,1.0,0.0,1.0,0.0,1.0,0.0,1.0,0.0,1.0,0.0,1.0,0.0,1.0,0.0,1.0,0.0,1.0,0.0,1.0,0.0,1.0,158.82243261726285,0.6079890021580571,184.83889985190356,0.23148875210319994,0.9955047684811908,0.2313614813596337,7-31-2014 plot 6.jpg,6.5,7.0
30,0.5972700745332271,0.009621712798759011,0.1825886869184804,0.001730282644472178,0.40289916157116834,0.0018792176721526784,0.0006009761148323889,8.803987332128413e-05,0.5972700745332277,0.009617360235303508,0.1825886869184805,0.0016816978556131793,0.4028991615711683,0.0018921190066371232,0.0006009761148323882,7.488094412833743e-05,0.0,1.0,0.0,1.0,0.0,1.0,0.0,1.0,0.0,1.0,0.0,1.0,0.0,1.0,0.0,1.0,0.0,1.0,0.0,1.0,0.0,1.0,0.0,1.0,171.36067193542894,0.7513339582810394,186.6290216399733,0.25154634371699836,0.9811297645813467,0.2512252625770302,7-31-2014 plot 7.jpg,7.25,7.5
31,0.6590254099104981,0.009840739352368616,0.20146762640922652,0.0016787004347145716,0.4445573224383337,0.001713367579604125,0.0006631146399446816,7.186028483079889e-05,0.659025409910498,0.00990624339885162,0.2014676264092267,0.0020335305391377184,0.4445573224383342,0.0018010306992501824,0.0006631146399446807,0.0001369462411143697,0.0,1.0,0.0,1.0,0.0,1.0,0.0,1.0,0.0,1.0,0.0,1.0,0.0,1.0,0.0,1.0,0.0,1.0,0.0,1.0,0.0,1.0,0.0,1.0,187.11779270479803,0.8532313509566017,197.56318452620792,0.23990601062103437,0.997109449548009,0.24000430464430217,7-31-2014 plot 8.jpg,6.75,7.0
32,0.6366335401764731,0.009836338171671328,0.19462231092011464,0.0017592578045279824,0.42945248808194936,0.0019023045760599004,0.0006405838294280076,8.757477707303691e-05,0.6366335401764727,0.00983928437371474,0.1946223109201145,0.00175346188686456,0.42945248808194914,0.0019247075657709246,0.0006405838294280073,8.442330663182001e-05,0.0,1.0,0.0,1.0,0.0,1.0,0.0,1.0,0.0,1.0,0.0,1.0,0.0,1.0,0.0,1.0,0.0,1.0,0.0,1.0,0.0,1.0,0.0,1.0,182.5173497748797,0.8341719027379191,193.9159330581525,0.24703715261024214,0.9924329252539399,0.246883681153943,7-31-2014 plot 9.jpg,6.75,7.25
33,0.6450929639114461,0.01048024503242077,0.19720840243501714,0.0018347407272100865,0.4351589429597685,0.0020348528656572587,0.0006490957435967145,8.655708799753857e-05,0.6450929639114458,0.010499408243792401,0.19720840243501736,0.0019227589713784955,0.43515894295976854,0.0020629852448867834,0.0006490957435967161,9.968158979195629e-05,0.0,1.0,0.0,1.0,0.0,1.0,0.0,1.0,0.0,1.0,0.0,1.0,0.0,1.0,0.0,1.0,0.0,1.0,0.0,1.0,0.0,1.0,0.0,1.0,184.06315341652663,0.8328295526335309,195.7847064999433,0.24366758748480677,0.9955787680605253,0.24365408217519008,7-31-2014 plot 10.jpg,7.0,7.25
34,0.5516503457673269,0.007442044368935522,0.1686424894977359,0.0012531932408414814,0.3721255613949832,0.0015502651913063192,0.00055507331721631,5.469403638020631e-05,0.5516503457673256,0.007439740155193611,0.16864248949773586,0.0012227517383364146,0.37212556139498326,0.0015606735533505696,0.0005550733172163102,4.475288933590462e-05,0.0,1.0,0.0,1.0,0.0,1.0,0.0,1.0,0.0,1.0,0.0,1.0,0.0,1.0,0.0,1.0,0.0,1.0,0.0,1.0,0.0,1.0,0.0,1.0,158.7363567900403,0.6392808975562125,176.01977890114986,0.2360205053516146,0.9976301377332617,0.23622975643838004,7-31-2014 plot 11.jpg,6.5,6.5
35,0.5735259267402109,0.011393005745116227,0.17532997272471595,0.001961426567721219,0.3868821239764011,0.0022005880160475867,0.0005770846354178133,9.135504279069798e-05,0.573525926740211,0.011430055692669598,0.17532997272471584,0.0021433182026956463,0.38688212397640154,0.0022741387419729945,0.0005770846354178123,0.00012019873139584812,0.0,1.0,0.0,1.0,0.0,1.0,0.0,1.0,0.0,1.0,0.0,1.0,0.0,1.0,0.0,1.0,0.0,1.0,0.0,1.0,0.0,1.0,0.0,1.0,162.73745522942696,0.6519610087312155,184.38435855991756,0.220702911247367,0.9984544797197543,0.22084237922116035,7-31-2014 plot 12.jpg,6.5,6.75
36,0.47218458407680924,0.017819828759559585,0.14434937705042677,0.002908656194830523,0.318520517171489,0.003577089542783763,0.0004751144732037658,0.00012320446468904654,0.4721845840768085,0.017948545218576178,0.14434937705042686,0.003643484244144837,0.3185205171714895,0.0040067951625010435,0.00047511447320376584,0.000262741933241922,0.0,1.0,0.0,1.0,0.0,1.0,0.0,1.0,0.0,1.0,0.0,1.0,0.0,1.0,0.0,1.0,0.0,1.0,0.0,1.0,0.0,1.0,0.0,1.0,139.00978438536524,0.4374086860856109,183.05799199192538,0.24618155109578374,0.9273250044056132,0.2423130144518632,9-25-2014 plot 1.jpg,7.5,7.5
37,0.46524881989299044,0.016717529983491606,0.14222907648775535,0.0026714763885665274,0.3138418739685795,0.0029511910537081505,0.000468135672841396,0.00010383051814115151,0.46524881989299033,0.016884600342334664,0.14222907648775523,0.003587850224616939,0.3138418739685802,0.0035125349291004514,0.0004681356728413965,0.00026965956623921996,0.0,1.0,0.0,1.0,0.0,1.0,0.0,1.0,0.0,1.0,0.0,1.0,0.0,1.0,0.0,1.0,0.0,1.0,0.0,1.0,0.0,1.0,0.0,1.0,134.18764695108726,0.37859840069610845,182.10538726962895,0.22650021717510083,0.9700960322875838,0.22459607859478442,9-25-2014 plot 2.jpg,6.5,6.5
38,0.4994317040138963,0.011624893231882422,0.1526789687439519,0.0017879472757122029,0.3369005469870814,0.0023433059885723563,0.0005025306605842565,6.497561373141316e-05,0.4994317040138974,0.011704210256793315,0.15267896874395215,0.002191653504880027,0.3369005469870811,0.002686341083814173,0.0005025306605842567,0.0001305416314262005,0.0,1.0,0.0,1.0,0.0,1.0,0.0,1.0,0.0,1.0,0.0,1.0,0.0,1.0,0.0,1.0,0.0,1.0,0.0,1.0,0.0,1.0,0.0,1.0,141.09395193549966,0.40767776907572034,176.10212776402778,0.20007776763105103,0.9931418629062543,0.1999967769606636,9-25-2014 plot 3.jpg,5.25,5.25
39,0.4918376832675073,0.015381345250814003,0.15035743559565465,0.002396882815688633,0.33177786510139373,0.0031620809959713027,0.0004948895191999541,9.176392698189563e-05,0.4918376832675079,0.015492608719478596,0.15035743559565468,0.002996898181910755,0.3317778651013942,0.0035918316798950406,0.0004948895191999544,0.00019733359448500688,2.981355052703649e-07,-1.4906777485638064e-07,2.982721393241094e-07,-1.4913609190362526e-07,2.9817510869973585e-07,-1.4908757657697014e-07,2.982721393241094e-07,-1.4913609190362526e-07,2.9852408201232696e-07,-1.4926206328532368e-07,2.9897466638164416e-07,-1.4948735553728823e-07,2.987227213878897e-07,-1.4936138300276426e-07,2.9897466638164416e-07,-1.4948735553728823e-07,2.990112296657413e-07,-1.4950563718480286e-07,2.9967970233414526e-07,-1.4983987361905706e-07,2.994100723344794e-07,-1.4970505857884088e-07,2.9967970233414526e-07,-1.4983987361905706e-07,143.08344109909453,0.4629892786603526,180.92677835108785,0.23857093140068023,0.9520676571281426,0.23586290757368913,9-25-2014 plot 4.jpg,6.75,6.75
40,0.5032047467399048,0.013137555342310552,0.15383240827893552,0.0020050125584951638,0.33944572012683527,0.0027390567640105923,0.000506327114910794,7.319072014963857e-05,0.5032047467399042,0.013232235557752681,0.15383240827893555,0.002502229463664401,0.339445720126835,0.003138845323899426,0.0005063271149107944,0.00015748678398078017,0.0,1.0,0.0,1.0,0.0,1.0,0.0,1.0,0.0,1.0,0.0,1.0,0.0,1.0,0.0,1.0,0.0,1.0,0.0,1.0,0.0,1.0,0.0,1.0,144.20906858015377,0.4606507184803458,178.36130856557165,0.21590127221103386,0.9877482150031477,0.21541701618247192,9-25-2014 plot 5.jpg,5.75,5.75
41,0.4947291482886127,0.018504392674847943,0.15124137206591395,0.0029016142038005926,0.3337283543061749,0.0037933317101989544,0.000497798925662207,0.00011233299782341575,0.49472914828861286,0.01865372768520798,0.15124137206591398,0.0037188137941475217,0.3337283543061749,0.004314105916227097,0.0004977989256622078,0.0002625257417770915,0.0,1.0,0.0,1.0,0.0,1.0,0.0,1.0,0.0,1.0,0.0,1.0,0.0,1.0,0.0,1.0,0.0,1.0,0.0,1.0,0.0,1.0,0.0,1.0,139.61221341606617,0.4247007851838983,184.62142642926474,0.1985797621113533,0.9907124446398118,0.19821609685996947,9-25-2014 plot 6.jpg,5.25,5.25
42,0.4882086662006378,0.012233699094755976,0.14924802548237837,0.0018523454363721617,0.3293298470340029,0.0025329462295274013,0.0004912379842068241,6.53260909743022e-05,0.4882086662006382,0.012324754588598063,0.1492480254823786,0.0023291290519990987,0.32932984703400336,0.0029132042450239534,0.0004912379842068241,0.00014647231106888848,0.0,1.0,0.0,1.0,0.0,1.0,0.0,1.0,0.0,1.0,0.0,1.0,0.0,1.0,0.0,1.0,0.0,1.0,0.0,1.0,0.0,1.0,0.0,1.0,140.99544887278583,0.41527220364176887,176.79117328375827,0.22376505465044227,0.9906947541186671,0.22348214581545686,9-25-2014 plot 7.jpg,6.0,6.0
43,0.492572654067865,0.01765406917491483,0.15058212013801273,0.0029232465647885232,0.3322736527389625,0.003085582717604226,0.0004956290504688846,0.00012656807431706907,0.49257265406786455,0.017821700831451775,0.15058212013801275,0.0038447298178853847,0.3322736527389627,0.0036721848608685173,0.0004956290504688851,0.00029503629121442615,6.175833069702459e-07,-3.087917488374376e-07,6.178875352002806e-07,-3.089438630464212e-07,6.176938400481801e-07,-3.088470154105396e-07,6.178875352002806e-07,-3.089438630464212e-07,6.18358921798466e-07,-3.091795564912016e-07,6.193846970481055e-07,-3.0969244443343315e-07,6.189133737896375e-07,-3.094567826582895e-07,6.193846970481055e-07,-3.0969244443343315e-07,6.19331184254124e-07,-3.096656880198705e-07,6.208873971034361e-07,-3.104437949270381e-07,6.204445795634862e-07,-3.1022238601964207e-07,6.208873971034361e-07,-3.104437949270381e-07,141.42099171308666,0.44294254108342634,185.61795903234258,0.2225135854347986,0.9802492402247915,0.22132869097592095,9-25-2014 plot 8.jpg,6.25,6.25
44,0.4879994371013697,0.01756378646307112,0.14918406301693884,0.00288430767146434,0.3291887078203277,0.0032943540999403284,0.0004910274568481799,0.0001233149479032509,0.4879994371013696,0.01771985761915268,0.14918406301693832,0.003764037436083145,0.3291887078203272,0.0038171355933529646,0.0004910274568481808,0.00028676705797928175,0.0,1.0,0.0,1.0,0.0,1.0,0.0,1.0,0.0,1.0,0.0,1.0,0.0,1.0,0.0,1.0,0.0,1.0,0.0,1.0,0.0,1.0,0.0,1.0,143.0667845215034,0.47516237902385233,184.49322980588448,0.2420411121012225,0.9434179505455343,0.23878258940185196,9-25-2014 plot 9.jpg,7.0,7.0
45,0.48634324283923197,0.01870380705312313,0.1486777554879002,0.00307166275564719,0.32807149249669787,0.003510808814082828,0.0004893609859575284,0.000133108070431906,0.4863432428392333,0.018870461423092923,0.1486777554879001,0.004008459288708357,0.3280714924966979,0.0040738250073894455,0.000489360985957529,0.00030717452968041076,0.0,1.0,0.0,1.0,0.0,1.0,0.0,1.0,0.0,1.0,0.0,1.0,0.0,1.0,0.0,1.0,0.0,1.0,0.0,1.0,0.0,1.0,0.0,1.0,142.09830710886038,0.4664613058224608,185.75620730517815,0.24322183149356763,0.9321255248122832,0.23931490758585558,9-25-2014 plot 10.jpg,7.0,7.0
46,0.5003839791200533,0.01789997027678606,0.15297008438599058,0.002927685555129012,0.3375429211126479,0.003343981025613575,0.0005034888445247414,0.00012582438142665347,0.5003839791200533,0.018070424870025272,0.15297008438599077,0.003888326545903033,0.337542921112648,0.003884686004618741,0.0005034888445247413,0.0003063134181621727,0.0,1.0,0.0,1.0,0.0,1.0,0.0,1.0,0.0,1.0,0.0,1.0,0.0,1.0,0.0,1.0,0.0,1.0,0.0,1.0,0.0,1.0,0.0,1.0,142.0252227294068,0.4498328125456298,185.52429310782864,0.2087923684771702,0.9887210243980241,0.20825424689366104,9-25-2014 plot 11.jpg,5.5,5.5
47,0.5034935294848891,0.01657797942096932,0.15392069072344394,0.0026283746801131535,0.33964052366846864,0.0029565111875843727,0.0005066176895427943,0.00010093884766810464,0.5034935294848897,0.01674819596843173,0.15392069072344397,0.0035478107908861194,0.33964052366846875,0.0035328682300471586,0.0005066176895427936,0.0002627153895415004,0.0,1.0,0.0,1.0,0.0,1.0,0.0,1.0,0.0,1.0,0.0,1.0,0.0,1.0,0.0,1.0,0.0,1.0,0.0,1.0,0.0,1.0,0.0,1.0,140.61402399491328,0.4339610017313749,182.97239419745227,0.1814503119259609,0.9951945396059829,0.18167387685036493,9-25-2014 plot 12.jpg,4.0,4.0
48,0.45623914314464387,0.047458688287728416,0.13947476965541275,0.0060017459094102695,0.30776423612480724,0.014132592755563783,0.0004590700913582644,0.00012464729527766248,0.4562391431446441,0.04748068717589888,0.13947476965541283,0.0060728286205873555,0.3077642361248071,0.014357194987981508,0.0004590700913582648,0.00012123906904967799,1.2321321584953202e-05,0.11110495040762036,1.387555935848664e-05,-6.937827812364136e-06,1.3865031619974888e-05,-6.932563870096078e-06,1.387555935848664e-05,-6.937827812364136e-06,1.3903715227194431e-05,-6.95190594225747e-06,1.3949725190413748e-05,-6.974911244254415e-06,1.3921565897732177e-05,-6.960831401702622e-06,1.3949725190413748e-05,-6.974911244254415e-06,1.395686398570817e-05,-6.978480691707006e-06,1.402449143687927e-05,-7.012294890374456e-06,1.3992885395159083e-05,-6.996491648132442e-06,1.402449143687927e-05,-7.012294890374456e-06,120.48524717824967,0.3234470754446931,204.0689854520799,0.14971254568088646,0.5278150556962883,0.11963565687612458,Patch 1-2.jpg,2.0,2.0
49,0.4755400136699965,0.04162875869316617,0.1453751499956833,0.005289396082944216,0.32078398193801494,0.012750905623567324,0.00047849072312233575,9.431313218261181e-05,0.47554001366999626,0.04159139550446258,0.14537514999568332,0.005192602077481742,0.3207839819380149,0.012389870557017922,0.00047849072312233635,0.00010469668652043562,2.1399414726007242e-05,-1.0699821847966235e-05,2.1420170705372914e-05,-1.0710200059843247e-05,2.006756078798622e-05,0.062489966112216314,2.1420170705372914e-05,-1.0710200059843247e-05,2.1458651860196884e-05,-1.0729441049768512e-05,2.152725080861736e-05,-1.0763741261187565e-05,2.1488768760702413e-05,-1.0744499823387288e-05,2.152725080861736e-05,-1.0763741261187565e-05,2.1533161068044788e-05,-1.0766696454526855e-05,2.1635143586363098e-05,-1.0817688814306935e-05,2.159389972332816e-05,-1.0797066437049052e-05,2.1635143586363098e-05,-1.0817688814306935e-05,126.9091005078856,0.3616726811013098,196.7134774679559,0.14852100627125198,0.738350040096231,0.13147434696958724,Patch 2.jpg,3.0,3.0
50,0.45372444794785355,0.04793833467830484,0.13870601375492522,0.005815868477986175,0.3060679037123964,0.014798394107651675,0.00045653979256414534,9.16093752358774e-05,0.45372444794785405,0.04797678846156484,0.13870601375492514,0.005984841051925047,0.30606790371239645,0.015011085538961891,0.00045653979256414604,0.00010900177727381024,4.4340982152754686e-05,0.08331116230602868,4.841735762270774e-05,-2.4209264885671755e-05,4.435078514329336e-05,0.0833111574042963,4.707243102207697e-05,0.027754240992472264,4.851108040239941e-05,-2.4256128546700797e-05,4.865864339702209e-05,-2.432991362880662e-05,4.8564906998203096e-05,-2.428304315096768e-05,4.865864339702209e-05,-2.432991362880662e-05,4.8686084299954964e-05,-2.4343634748104244e-05,4.890174823749949e-05,-2.445147197861311e-05,4.879463692723907e-05,-2.4397913707290097e-05,4.890174823749949e-05,-2.445147197861311e-05,119.75961510058193,0.31994277397195897,202.64061775413637,0.15945929635424028,0.5486756914252262,0.11627150049277107,Patch 3.jpg,1.0,1.0
51,0.47892286686501456,0.04171943956760729,0.1464093064841011,0.005389433949932551,0.32306594578335934,0.01268429183347418,0.00048189456680524414,0.00010842725321810821,0.47892286686501445,0.04168392324302291,0.14640930648410097,0.005292113980026187,0.3230659457833595,0.012381344325076872,0.0004818945668052446,0.00011777148200897904,1.8985088794842385e-05,-9.492634506675696e-06,1.7421050964492732e-05,0.08332462272507948,1.740776259609876e-05,0.08332462936938989,1.9004782870355707e-05,-9.502481731478872e-06,1.9043236080584627e-05,-9.521708702365667e-06,1.9107869496435984e-05,-9.554026026759236e-06,1.906941266209001e-05,-9.534797242536635e-06,1.9107869496435984e-05,-9.554026026759236e-06,1.9116422998649902e-05,-9.558302859605257e-06,1.921180373221307e-05,-9.605994140343574e-06,1.916925251895959e-05,-9.58471812542083e-06,1.921180373221307e-05,-9.605994140343574e-06,128.17147690130938,0.36080830596427993,198.89070112867608,0.15529440608400102,0.7295494875959893,0.1378208222829152,Patch 4.jpg,4.0,3.0
52,0.4654564000782898,0.050673464910794865,0.14229253487129098,0.005773238752810021,0.31398190087798306,0.015557309586300382,0.0004683445410546156,5.118334662923535e-05,0.46545640007829,0.050822297281833136,0.14229253487129098,0.006450548545076875,0.31398190087798306,0.01638559448531181,0.0004683445410546159,0.00013644850804549937,2.9181403275320704e-05,0.19998540903224674,3.651319440793125e-05,-1.8256930513392185e-05,3.648652297300946e-05,-1.8243594309166165e-05,3.5052666631614e-05,0.03998247334670715,3.658372404750616e-05,-1.8292196622089802e-05,3.670344351707077e-05,-1.8352058550407595e-05,3.66329082206444e-05,-1.8316789608958522e-05,3.670344351707077e-05,-1.8352058550407595e-05,3.671832200205916e-05,-1.8359498066010474e-05,3.689519550764099e-05,-1.8447938073961467e-05,3.681754989514362e-05,-1.8409113836805416e-05,3.689519550764099e-05,-1.8447938073961467e-05,125.14033729473121,0.35470986442017355,203.7505780269602,0.14982053685636315,0.8371234156960002,0.13972729487746666,Patch 5-2.jpg,3.0,2.5
53,0.4698019178961821,0.039476177637349404,0.14362098313310942,0.005157342090839942,0.3169132472823539,0.01191451087504445,0.00047271702266132024,0.00012412812114571086,0.4698019178961822,0.0394252408178192,0.14362098313310945,0.004917355986524118,0.31691324728235404,0.011609120690723338,0.00047271702266132095,8.666190702406335e-05,3.934219844204894e-06,-1.967113791631504e-06,3.93791741924644e-06,-1.968962586429253e-06,3.935169395925263e-06,-1.967588569359793e-06,3.93791741924644e-06,-1.968962586429253e-06,3.945240067858129e-06,-1.9726239251665384e-06,3.957342486226799e-06,-1.978675158261035e-06,3.950019091758943e-06,-1.975013446549882e-06,3.957342486226799e-06,-1.978675158261035e-06,3.959102471469718e-06,-1.979555154365711e-06,3.976912696161219e-06,-1.9884603020471195e-06,3.968739561388133e-06,-1.9843737184253073e-06,3.976912696161219e-06,-1.9884603020471195e-06,126.74560215444797,0.3668380134259851,195.16287992455094,0.1653166971812943,0.7999737901706587,0.1509591562000392,Patch 6.jpg,4.0,4.0
54,0.44985169095215505,0.031062867637353966,0.1375220910292609,0.004270862180770911,0.3034554665368767,0.008199076647248327,0.0004526430052442986,0.00011051034732184549,0.44985169095215455,0.031075529302721214,0.137522091029261,0.004377651256121284,0.30345546653687633,0.008147509839009227,0.00045264300524429927,0.0001388526901627023,5.326252967721576e-06,-2.6631335761223444e-06,5.331254144217088e-06,-2.665634177695173e-06,5.327473112909133e-06,-2.6637436519659094e-06,5.331254144217088e-06,-2.665634177695173e-06,5.341416677238221e-06,-2.6707154713211886e-06,5.357721682431762e-06,-2.6788680175305118e-06,5.347557837180233e-06,-2.6737860677029375e-06,5.357721682431762e-06,-2.6788680175305118e-06,5.360493165371214e-06,-2.680253766426606e-06,5.384388101309954e-06,-2.6922012985832975e-06,5.372877713303245e-06,-2.6864460736247406e-06,5.384388101309954e-06,-2.6922012985832975e-06,129.88512168509573,0.3621073011057443,193.5451036160428,0.2284156568259895,0.9235472968477639,0.22118778658481994,Patch 7.jpg,7.5,8.0
55,0.4645110817588835,0.03807691738079984,0.14200354595652698,0.005062870466000498,0.31334421957676567,0.010617529915363428,0.0004673933570675047,0.0001367805424108175,0.4645110817588836,0.03807783273954868,0.14200354595652698,0.00496334648037201,0.3133442195767655,0.010849845804610805,0.00046739335706750493,9.362049979260701e-05,3.7649822763459342e-06,-1.8824946819525233e-06,3.76838027479029e-06,-1.8841936875743078e-06,3.7657597043627583e-06,-1.8828833974245922e-06,3.76838027479029e-06,-1.8841936875743078e-06,3.7754916476686025e-06,-1.8877493874253237e-06,3.786516215755694e-06,-1.8932616923108966e-06,3.779403761262623e-06,-1.8897054516112567e-06,3.786516215755694e-06,-1.8932616923108966e-06,3.7887111562388706e-06,-1.8943591667092898e-06,3.8047841355720684e-06,-1.902395686888499e-06,3.796598500849805e-06,-1.898302853971787e-06,3.8047841355720684e-06,-1.902395686888499e-06,133.20809134016662,0.3965086515561765,198.4082906208635,0.24641559888516004,0.8150873307406464,0.23031103058747562,Patch 8.jpg,7.5,8.0
56,0.4778316953319346,0.03779227889739746,0.14607572945434008,0.004748955689059205,0.32232987660033213,0.011299285812061613,0.0004807966245902776,9.63360071213713e-05,0.47783169533193437,0.037820947800952645,0.14607572945434003,0.004907664144222607,0.3223298766003323,0.011465546106759284,0.00048079662459027823,0.00012743858251907256,4.255316130981468e-06,-2.127662592429209e-06,4.259488009541253e-06,-2.1297485405898124e-06,4.256405890865753e-06,-2.128207474690293e-06,4.259488009541253e-06,-2.1297485405898124e-06,4.267677252640092e-06,-2.133843179597045e-06,4.281353421443587e-06,-2.1406812932283833e-06,4.2731633943730985e-06,-2.1365862621776515e-06,4.281353421443587e-06,-2.1406812932283833e-06,4.283230012307148e-06,-2.141619592678231e-06,4.303388918773534e-06,-2.151699089185776e-06,4.294296744493638e-06,-2.14715298250285e-06,4.303388918773534e-06,-2.151699089185776e-06,136.8109916075015,0.4136058828281912,198.13023490122634,0.2307209958863162,0.8966727662644522,0.22042196570945238,Patch 9.jpg,5.5,3.5
57,0.490396330963955,0.03445140607414927,0.1499168064134573,0.004703423564020412,0.3308055752456135,0.009783199827307193,0.0004934392233548612,0.00013868495862886008,0.4903963309639549,0.03448345752211976,0.14991680641345728,0.004915826307320579,0.3308055752456133,0.009881619972782947,0.0004934392233548614,0.00018462894892505555,8.18490240185961e-06,-4.092467949155179e-06,8.192675338613513e-06,-4.096354449357795e-06,6.822324829987665e-06,0.16666325549028838,8.192675338613513e-06,-4.096354449357795e-06,8.2085070230618e-06,-4.104270356496923e-06,8.233841086867023e-06,-4.116937492538049e-06,8.21800729759048e-06,-4.109020532775601e-06,8.233841086867023e-06,-4.116937492538049e-06,8.238204950062748e-06,-4.1191194421064645e-06,8.275319892834608e-06,-4.137677066717974e-06,8.25736557008852e-06,-4.128699831136179e-06,8.275319892834608e-06,-4.137677066717974e-06,134.9884416781173,0.39742347161333946,195.99152099086413,0.18146533536940698,0.9331651181050841,0.17650340201282377,Patch 10.jpg,3.5,3.5
58,0.45968333726941046,0.04133831943943074,0.14052767839728292,0.0046510043021809585,0.3100875785863248,0.014821293201488945,0.00046253565658928384,5.989022304959645e-05,0.4596833372694104,0.04133510951964374,0.14052767839728292,0.004649578097628686,0.3100875785863246,0.014734020803292188,0.00046253565658928417,6.23139283528477e-05,1.0935083874578564e-05,0.08332786575878419,1.0943988666007374e-05,0.08332786130633534,9.943006685677695e-06,0.1666616951336647,1.1938896726553499e-05,-5.9694839978032325e-06,1.1958402696221195e-05,-5.979237099173123e-06,1.1990108160767368e-05,-5.9950900212725774e-06,1.1970600205894323e-05,-5.985335926978901e-06,1.1990108160767368e-05,-5.9950900212725774e-06,1.1995129977229246e-05,-5.9976009596161535e-06,1.2041652074525785e-05,-6.020862287827321e-06,1.20197002887733e-05,-6.009886262902474e-06,1.2041652074525785e-05,-6.020862287827321e-06,127.12665925521905,0.4072039072039072,186.56738392398594,0.2857976788321044,0.484095689140441,0.19095200915302268,Patch 11-2.jpg,6.25,4.0
